state,population,area_sq_km,literacy_rate
Andhra Pradesh,49577103,162975,67.02
Arunachal Pradesh,1383727,83743,65.38
Assam,31205576,78438,72.19
Bihar,104099452,94163,61.80
Chhattisgarh,25545198,135192,70.28
Goa,1458545,3702,88.70
Gujarat,60439692,196024,78.03
Haryana,25351462,44212,75.55
Himachal Pradesh,6864602,55673,82.80
Jharkhand,32988134,79714,66.41
Karnataka,61095297,191791,75.36
Kerala,33406061,38863,94.00
Madhya Pradesh,72626809,308245,69.32
Maharashtra,112374333,307713,82.34
Manipur,2855794,22327,79.21
Meghalaya,2966889,22429,74.43
Mizoram,1097206,21081,91.33
Nagaland,1978502,16579,79.55
Odisha,41974218,155707,72.87
Punjab,27743338,50362,75.84
Rajasthan,68548437,342239,66.11
Sikkim,610577,7096,81.42
Tamil Nadu,72147030,130058,80.09
Telangana,35003674,112077,72.80
Tripura,3673917,10491,87.22
Uttar Pradesh,199812341,240928,67.68
Uttarakhand,10086292,53483,78.82
West Bengal,91276115,88752,76.26

